center,left,right,steering,throttle,brake,speed
center_2017_01_30_21_34_15_615.jpg,left_2016_12_01_13_32_43_457.jpg,right_2016_12_01_13_32_43_457.jpg,-0.7333333,0.4,0,13.64561
center_2017_01_30_21_34_15_833.jpg,left_2016_12_01_13_32_46_185.jpg,right_2016_12_01_13_32_48_098.jpg,1.3,0.4,0,14.38994
adfad,fff,zzz,3,0.4,0,14.38994
